word,total_count
不知道,172
为什么,154
受害者,118
pua,115
是不是,101
為什麼,100
女朋友,95
大部分,81
真的是,79
中国人,67
而不是,66
也不是,64
不可能,61
可能是,59
在一起,57
這件事,55
男女平等,52
不值得,46
也没有,44
没什么,44
一個人,43
不需要,43
尤其是,42
差不多,42
都沒有,42
高速公路,42
麥當勞,42
越来越,41
有沒有,39
也可以,38
第一次,38
麦当劳,38
一部分,36
主要是,35
有些人,35
不平等,34
這就是,34
女孩子,32
全世界,31
自助餐,31
万余元,30
人民幣,30
男朋友,30
我知道,29
所谓的,29
男孩子,29
一定是,28
也不能,28
太好了,27
一直在,26
價值觀,26
基本上,26
都不是,26
都可以,26
都没有,26
到底是,25
就不會,25
應該是,25
肯定是,25
不管是,24
也沒有,24
其实是,24
就不是,24
成年人,24
年輕人,23
不存在,22
能不能,22
不正常,21
不一定,20
每个人,20
世界上,19
也不會,19
只不过,19
家庭的,19
沒什麼,19
不在乎,18
也不会,18
越來越,18
npd,17
不会有,17
任何人,17
垃圾桶,17
好像是,17
我認為,17
男尊女卑,17
看不到,17
不至于,16
之所以,16
也就是,16
最好的,16
不公平,15
单方面,15
說實話,15
這句話,15
重男轻女,15
並不是,14
單方面,14
就应该,14
有道理,14
每個人,14
没想到,14
生育率,14
看起來,14
還不如,14
陌生人,14
atm,13
user,13
什么时候,13
动不动,13
大多數,13
從頭到尾,13
想不開,13
我看到,13
會不會,13
有時候,13
莫名其妙,13
一大堆,12
一輩子,12
不喜歡,12
不得不,12
並沒有,12
会不会,12
可能性,12
得不到,12
理所當然,12
解放軍,12
還是要,12
一方面,11
一辈子,11
不平衡,11
加拿大,11
只要是,11
可能會,11
吸血鬼,11
奢侈品,11
婚姻法,11
找不到,11
走出来,11
进一步,11
50w,10
liang,10
不應該,10
不然就,10
亲密关系,10
共產黨,10
反而是,10
各方面,10
女主角,10
如果有,10
就應該,10
感受到,10
我也不,10
我还是,10
或者是,10
根深蒂固,10
注意力,10
然后就,10
理所当然,10
经历过,10
老百姓,10
說真的,10
都不會,10
13.6,9
n9j,9
q6d,9
一天到晚,9
一定會,9
不仅仅是,9
不合理,9
事實上,9
几十年,9
受不了,9
只看到,9
多少錢,9
多少钱,9
大学生,9
天經地義,9
天经地义,9
好不好,9
實際上,9
小伙子,9
心上人,9
怎么说,9
我不是,9
看起来,9
绝大部分,9
衛生紙,9
還可以,9
靠自己,9
一件事,8
一直都,8
一般人,8
下輩子,8
不介意,8
不健全,8
交通事故,8
公安局,8
其實是,8
刑事案件,8
到底有,8
咎由自取,8
对不起,8
最主要,8
沒甚麼,8
沒辦法,8
沒關係,8
無差別,8
確實是,8
老一輩,8
還是會,8
重男輕女,8
b7n,7
kt5os,7
youtube,7
一分钱,7
一句話,7
一胎化,7
不愧是,7
不會有,7
不甘心,7
主持人,7
以为是,7
傳統觀念,7
匪夷所思,7
十年前,7
反過來,7
只為了,7
只要有,7
只需要,7
同工同酬,7
大自然,7
小時候,7
就算是,7
干什么,7
情有可原,7
感同身受,7
搞清楚,7
整件事,7
既然是,7
明明是,7
未成年,7
爱不爱,7
當事人,7
的确是,7
看一下,7
覺得很,7
说话不算数,7
跳下去,7
都应该,7
6.6,6
br8ui,6
china,6
f9e,6
j2o,6
jx9gb,6
lb1yg,6
tl9bc,6
一厢情愿,6
一回事,6
三个月,6
下一代,6
不只是,6
不完全,6
不必要,6
不適合,6
九個月,6
买东西,6
人際關係,6
什麼時候,6
从小就,6
公信力,6
几乎是,6
半斤八兩,6
占便宜,6
受害人,6
另一方面,6
可不是,6
同性戀,6
回老家,6
多半是,6
就不能,6
已经有,6
巴勒斯坦,6
很可能,6
怎麼會,6
才可以,6
既得利益者,6
有人說,6
殊不知,6
比比皆是,6
看不下去,6
看不出,6
穆斯林,6
聯誼會,6
自私自利,6
衛生棉,6
賠錢貨,6
還不是,6
都不能,6
79.9,5
app,5
gay,5
ktv,5
money,5
rip,5
u7n,5
w6u,5
三個月,5
不健康,5
不出来,5
不在意,5
不好意思,5
不用說,5
不要臉,5
不负责任,5
主要原因,5
也會有,5
兄弟们,5
几百块,5
到处都,5
十多年,5
单单是,5
却没有,5
卻沒有,5
反过来,5
口耳相傳,5
只不过是,5
只剩下,5
各取所需,5
夜总会,5
大規模,5
女尊男卑,5
好不容易,5
导火索,5
少數人,5
当然是,5
很喜歡,5
很简单,5
心安理得,5
心甘情愿,5
我不会,5
打电话,5
找工作,5
抓起来,5
旁觀者,5
日本人,5
每一个人,5
民進黨,5
没关系,5
涉世未深,5
男主角,5
的確是,5
看不见,5
看不起,5
看清楚,5
社交圈,5
管不住,5
絕大部分,5
脑子里,5
舍不得,5
要不然,5
走下去,5
还真是,5
這一點,5
0.0,4
1.3,4
16.5,4
17.3,4
23.6,4
24.8,4
29.7,4
46.3,4
51w,4
check,4
coser,4
guy,4
incel,4
lu4xd2sm7g,4
rpg,4
rs7re,4
simp,4
tb7ei,4
wayne,4
wc7bp,4
women,4
y7e,4
z5m,4
一团糟,4
一无所有,4
一模一樣,4
一盤散沙,4
一系列,4
一群人,4
一见钟情,4
一起去,4
一顿饭,4
不了了之,4
不出來,4
不勞而獲,4
不安定,4
不知情,4
不管怎樣,4
不願意,4
也就是说,4
了不起,4
予取予求,4
事實證明,4
从来没有,4
以至于,4
俄羅斯,4
信用卡,4
做生意,4
再也不,4
几万块,4
几十个,4
几千块,4
分不清,4
劣根性,4
十万八千里,4
原来是,4
可不可以,4
可以說是,4
各付各的,4
合情合理,4
同情心,4
名正言順,4
大概是,4
好多人,4
好幾個,4
家務事,4
容不下,4
實在是,4
小学生,4
小心翼翼,4
小白臉,4
居高臨下,4
开玩笑,4
強力膠,4
彈盡援絕,4
很喜欢,4
很遗憾,4
從來不,4
從來沒有,4
從小就,4
從此以後,4
怎麼樣,4
怪不得,4
恨不得,4
應該會,4
懷璧其罪,4
打籃球,4
拿出來,4
持久戰,4
搞不好,4
新生代,4
新舊交替,4
无微不至,4
时不时,4
最好是,4
月黑風高,4
有意思,4
果然是,4
沒想到,4
没意思,4
注意到,4
活下去,4
活不下去,4
潜意识,4
無意義,4
無所謂,4
理智的,4
當然是,4
相夫教子,4
社會風氣,4
系統的,4
聽起來,4
自古以來,4
自怨自艾,4
自然而然,4
表面上,4
被壓迫,4
說出來,4
說穿了,4
諸如此類,4
資本主義,4
趨於穩定,4
輸油管,4
轉嫁到,4
辛辛苦苦,4
这几天,4
遇人不淑,4
過得去,4
遠距離,4
遺留下來,4
那句话,4
配不上,4
重要性,4
金玉良言,4
青春期,4
頂多是,4
饑寒交迫,4
0.4,3
40.6,3
5.21,3
66666.66,3
7.1,3
7.5,3
b6m,3
b8i,3
ccp,3
chris,3
d3e,3
daddy,3
date,3
der,3
doraemon_rain,3
e4f,3
e6w,3
eat,3
eb4wm,3
ej5go,3
emo,3
emoji,3
food,3
g1b,3
g5o,3
girl,3
girls,3
i4d,3
l7x,3
lk1yq,3
lo4yl,3
lover,3
mama,3
png,3
r6s,3
ronald,3
sugar,3
that’s,3
threads,3
tiktok,3
tz6nu,3
un2hp,3
vz2fk,3
w9k,3
woman,3
x1s,3
xxn,3
xxx,3
z2m,3
一丁点,3
一分錢,3
一切都,3
一對一,3
一廂情願,3
一毛錢,3
一瞬间,3
万有引力,3
三番兩次,3
不下去,3
不再是,3
不出去,3
不切实际,3
不在少數,3
不太好,3
不太會,3
不平等條約,3
不忍心,3
不成立,3
不择手段,3
不至於,3
乌鲁木齐,3
事故死,3
人云亦云,3
什么东西,3
什麼東西,3
今天是,3
似乎是,3
低收入,3
依然是,3
倒不是,3
做什麼,3
兩回事,3
公共秩序,3
公权力,3
制高點,3
十几个,3
十几块,3
十分钟,3
十多岁,3
即使是,3
原住民,3
原來是,3
另一種,3
只不過,3
只要能,3
可真是,3
合理化,3
同工不同酬,3
听起来,3
吸引力,3
單身漢,3
因果報應,3
坐享其成,3
多方面,3
大可不必,3
大富大贵,3
大錯特錯,3
女權主義,3
好朋友,3
妖魔鬼怪,3
实事求是,3
寄生蟲,3
實際情況,3
少之又少,3
少子化,3
尽可能,3
层出不穷,3
層出不窮,3
工作室,3
已达成,3
年齡層,3
幾句話,3
弄出來,3
很可惜,3
很簡單,3
從小到大,3
心甘情願,3
心目中,3
怎麼回事,3
怎麼說,3
性教育,3
恐怕會,3
想不到,3
想不通,3
愿不愿意,3
我爱你,3
或多或少,3
或許是,3
才不會,3
打電話,3
把這兩,3
拿回来,3
接下來,3
接触到,3
新加坡,3
无所谓,3
日久生情,3
明眼人,3
易如反掌,3
有心人士,3
条件下,3
格式化,3
沉迷于,3
洗衣服,3
消費者,3
無止盡,3
爱情观,3
物欲横流,3
犯不着,3
犯罪行為,3
甜甜蜜蜜,3
留不住,3
白開水,3
百分比,3
监狱长,3
看電影,3
真實性,3
短时间,3
研究生,3
究竟是,3
竟然是,3
算不上,3
節假日,3
簡直是,3
經歷過,3
自知之明,3
自立自強,3
自行車,3
舉例來說,3
荷尔蒙,3
落井下石,3
视而不见,3
觉得很,3
言論自由,3
說不定,3
謝謝你,3
警察局,3
说不定,3
说真话,3
说起来,3
買東西,3
赶时间,3
跑出來,3
跳出來,3
跳出来,3
退回去,3
進一步,3
避重就轻,3
那時候,3
门当户对,3
阿美族,3
電動車,3
青少年,3
首先是,3
高材生,3
12w,2
2.0,2
6.2,2
agreed,2
annoying,2
attached,2
b4j,2
background,2
bng,2
boss,2
bro,2
btw,2
business,2
c3i,2
c8i,2
cctv,2
chinese,2
corruption,2
db1qk2pd8c,2
death,2
delivered,2
desire,2
digger,2
din,2
dna,2
emmm,2
ep3jd,2
f4r,2
f9p,2
feminist,2
finance,2
fu8od,2
fw4dl,2
g3i,2
g6j,2
game,2
gmail,2
gold,2
google,2
guide,2
h1j,2
human,2
independent,2
j5r9o,2
jg6vz,2
jpg,2
learning,2
lives,2
love,2
low,2
machine,2
matter,2
news,2
ng1qd4bn4s,2
nnjjjb,2
op4bl,2
people,2
q8g,2
r.i.p,2
r3f,2
r6p,2
r6y,2
ray,2
reviewers,2
ri8dg3ns9l,2
saga,2
shi,2
sjw,2
so9lw,2
solo,2
sss,2
superhero3232,2
t2f,2
target,2
terrible,2
tmd,2
tn1zf,2
told,2
v1f,2
waf,2
wl2zz5gm6o,2
xing,2
xw4cw,2
yng,2
z9q,2
zhn,2
一個樣,2
一把手,2
一掷千金,2
一會兒,2
一毛不拔,2
一而再,2
一艘船,2
一语惊醒,2
一面之詞,2
一首歌,2
万无一失,2
丈母娘,2
上世纪,2
不一致,2
不予置評,2
不信任,2
不值一提,2
不光是,2
不劳而获,2
不可思議,2
不可抗力,2
不可收拾,2
不可理喻,2
不在家,2
不得好死,2
不感兴趣,2
不折不扣,2
不擇手段,2
不止是,2
不正確,2
不知廉耻,2
不能自拔,2
不見了,2
不論是,2
世界中,2
丧心病狂,2
中國大陸,2
为何不,2
久而久之,2
乌克兰,2
也就是說,2
也許是,2
乱七八糟,2
亂丟垃圾,2
了解到,2
五六十歲,2
五十人,2
五官端正,2
享受到,2
人情世故,2
人民法院,2
仍然是,2
从来没,2
他妈的,2
仙人跳,2
以偏概全,2
以色列,2
低成本,2
佔便宜,2
你來我往,2
來不及,2
依旧是,2
偏執狂,2
停留在,2
健身房,2
傳過來,2
傻小子,2
傾家蕩產,2
僅僅是,2
先入為主,2
光怪陆离,2
光明正大,2
兔死狐悲,2
兩件事,2
兩句話,2
出生率,2
刑事犯罪,2
刘德华,2
副总裁,2
功利主義,2
十分鐘,2
十块钱,2
十塊錢,2
反倒是,2
反而會,2
受壓迫,2
受欢迎,2
口誅筆伐,2
另一邊,2
可信度,2
可笑的是,2
吃不上,2
吃軟飯,2
吃软饭,2
合法化,2
同样是,2
哥白尼,2
唯物主義,2
善有善報,2
国内外,2
坦白說,2
塑造成,2
多多少少,2
多少个,2
大事化小,2
大千世界,2
大多是,2
大道理,2
大驚小怪,2
天花板,2
好几天,2
如出一辙,2
娱乐场所,2
婚外情,2
嫁出去,2
嫁雞隨雞,2
守规矩,2
安息吧,2
完蛋了,2
害人不浅,2
寥寥无几,2
實質上,2
對不起,2
小孩子,2
小小的,2
小朋友,2
尤其在,2
居然是,2
屢見不鮮,2
工程師,2
市場上,2
年紀輕輕,2
幼稚園,2
幾十年,2
幾萬塊,2
徇私枉法,2
很大程度上,2
心地善良,2
心理學,2
心生不滿,2
心知肚明,2
必需品,2
志同道合,2
忙忙碌碌,2
怎麼辦,2
恐怕是,2
恰恰相反,2
惡有惡報,2
惦记着,2
想像力,2
意味著,2
感兴趣,2
感情用事,2
我也没,2
我愿意,2
我还没,2
或许是,2
房地产,2
所有權,2
手牽手,2
才会有,2
才算是,2
打不开,2
打官司,2
打抱不平,2
扣帽子,2
抱不平,2
拼了命,2
捕风捉影,2
换句话说,2
捨不得,2
放不下,2
放进去,2
敢不敢,2
斤斤計較,2
新一代,2
新台幣,2
无妄之灾,2
无巧不成书,2
暴脾气,2
暴露出,2
更愿意,2
曾经有,2
最厲害,2
最好能,2
有一套,2
有句话,2
有意義,2
有目共睹,2
有錢人,2
服兵役,2
本末倒置,2
本来是,2
李自成,2
来龙去脉,2
正義感,2
每一個,2
比不上,2
比如說,2
比起來,2
民主政治,2
沒道理,2
没找到,2
洋洋得意,2
活生生,2
派出所,2
消失掉,2
涉世不深,2
添油加醋,2
清官難斷,2
渥太华,2
演變成,2
灰姑娘,2
点到为止,2
烏合之眾,2
烏托邦,2
烏煙瘴氣,2
無期徒刑,2
無欲則剛,2
無疑是,2
無聲無息,2
煤气灯,2
爱因斯坦,2
父母親,2
牛鬼蛇神,2
物以類聚,2
物極必反,2
狐狸精,2
独一无二,2
玉石俱焚,2
现阶段,2
理直气壮,2
理直氣壯,2
甘之如飴,2
甜言蜜語,2
生搬硬套,2
男男女女,2
白吃白喝,2
百分之百,2
目前为止,2
省吃俭用,2
看上去,2
看不慣,2
看不見,2
看得出,2
睡来睡去,2
瞧不起,2
矫枉过正,2
研究所,2
社會學,2
神經病,2
站起來,2
站起来,2
笑死人,2
第三者,2
第二个,2
算進去,2
簡單說,2
終究是,2
絆腳石,2
絕口不提,2
總而言之,2
结论是,2
美其名曰,2
翻天覆地,2
翻白眼,2
老人家,2
老古董,2
而不能,2
肺腑之言,2
背地裡,2
自以為是,2
自作多情,2
自欺欺人,2
至少有,2
至死不渝,2
致命傷,2
花枝招展,2
荷爾蒙,2
萬念俱灰,2
補償金,2
見怪不怪,2
親朋好友,2
說不出,2
談不上,2
说实在的,2
说说看,2
負責人,2
貨真價實,2
貫徹始終,2
赎罪券,2
赤裸裸,2
赶鸭子上架,2
跳楼自杀,2
蹦出来,2
身分證,2
輕鬆自在,2
转嫁给,2
轻而易举,2
过不去,2
过生日,2
退一步,2
退休金,2
這幾天,2
造谣生事,2
道貌岸然,2
遙遙領先,2
適婚年齡,2
適當的,2
遮遮掩掩,2
還沒有,2
還真是,2
還算是,2
還願意,2
那件事,2
那句話,2
那幾個,2
都應該,2
都還沒,2
醍醐灌顶,2
錦上添花,2
長幼有序,2
長篇大論,2
門當戶對,2
開玩笑,2
關鍵字,2
除此之外,2
雪中送炭,2
電視劇,2
青梅竹馬,2
青紅皂白,2
面对现实,2
面對現實,2
養不起,2
骨子裡,2
高中生,2
鬧起來,2
鸡皮疙瘩,2
0.1,1
0.5,1
1.2,1
1.25,1
1.25x,1
1.5,1
100w,1
10w,1
12h,1
14.07,1
15pm,1
161.41,1
18.8w,1
19xx,1
2.30w,1
20.8,1
200w,1
2030cm,1
20，25,1
23，24,1
26.5,1
3.7,1
3.8,1
3000w,1
35w,1
38.8,1
38.8w,1
4.23,1
40w,1
44.8,1
5.1,1
5.2,1
5.20,1
5.20，5.21,1
5.60,1
5gal,1
6.00,1
7.00,1
7.5w,1
79.1,1
7，80,1
90，00,1
99.5,1
___,1
acquaintance,1
advice,1
affiliation,1
agree,1
alpha,1
altruism,1
apa,1
apply,1
arisawa,1
asi,1
asperger's,1
assist,1
b8z,1
baby,1
basic,1
beta,1
bh5ud,1
bilibili,1
bin,1
biss,1
black,1
blame,1
blocks,1
boys,1
broke,1
brucelu,1
buff,1
bug,1
building,1
bull,1
bumper,1
businesses,1
c033,1
c4n,1
c8t,1
c9623,1
cao,1
capability,1
car,1
carbon,1
cares,1
cat's,1
celebrity,1
cg6qi,1
chances,1
channel,1
characteristic,1
cherry,1
chica,1
chienkaki,1
china’s,1
citizens,1
cluqhxc_p0j,1
cny,1
combination,1
comment,1
commit,1
community,1
compass,1
concept,1
context,1
convince,1
cosplay,1
cosplayer,1
cptsd,1
cpu,1
creator’s,1
crueles,1
culture,1
currency,1
current,1
d3y,1
d8c,1
daiwa,1
dating,1
dcard,1
dead,1
decent,1
denial,1
destiny,1
dinner,1
dior,1
direction,1
disorder,1
diss,1
distinguish,1
dk4ep,1
doesn’t,1
donganxian,1
don’t,1
ds5kl,1
dutching,1
e300,1
easier,1
edit.zh90,1
empty,1
encounter,1
enforce,1
english,1
equally,1
espero,1
esta,1
establishment,1
existen,1
f3o,1
f6p,1
fabulous,1
factor,1
faith,1
faked,1
fast,1
fat,1
fatcat,1
female,1
feminism,1
financially,1
flag,1
fng,1
for.a.living,1
forever,1
freedom,1
fruitful,1
g9e,1
gameeeeeee,1
games,1
gang,1
gap,1
generation,1
gentleman,1
gran,1
guidelines,1
guys,1
h3li05,1
h6s,1
handling,1
heads,1
heard,1
helping,1
hhhhhhhh,1
house,1
ht8ss,1
hung,1
i3b,1
i4u,1
i6n,1
icu,1
ill,1
inappropriate,1
infeliz,1
iphone15max,1
itu,1
iwin,1
iy6gk,1
i’ve,1
j1j,1
j6b,1
jenweng6454,1
jgy,1
jgy2023,1
jianyu,1
jimmy,1
job,1
jp3bc,1
k9j,1
kalka,1
kao1,1
kol,1
kpi,1
ku7hn,1
l6j,1
l7n,1
lanmeiyoupin.net,1
learnt,1
les,1
lesbian,1
lesson,1
lia,1
liangjiahe,1
lianxiwangju.com,1
likes,1
limelight,1
lisa,1
lived,1
lmf,1
lu4dc3yv875,1
m1x,1
m8k,1
main,1
major,1
manage,1
manipuladora,1
market,1
married,1
mcdonald,1
meal,1
meet,1
mgtow,1
min,1
mind,1
mng,1
mod,1
momen,1
mrfunnynewsjiang.com,1
mujeres,1
multiple,1
n1n,1
narcissistic,1
natural,1
nature,1
neko,1
nga,1
ngo,1
niang,1
night,1
no7dq9hq2x,1
north,1
npo,1
nui3,1
o2y,1
o8v,1
od1c,1
od7kb,1
odio,1
offerings,1
omg,1
online,1
onlyfan,1
opportunity,1
oversimplied,1
p.s,1
p2p,1
p3e,1
p6t,1
p7e,1
panicked,1
parties,1
pay,1
pbd,1
pending,1
permanent,1
person,1
personal,1
personality,1
piao,1
picking,1
pissed,1
pity,1
play,1
political,1
poor,1
porque,1
position,1
preference,1
project,1
ps5,1
psychiatrist,1
psychology,1
ptsd,1
pua3,1
q8j,1
qn1mj,1
qt9qf,1
r2d,1
r3n,1
r3q,1
r5n,1
r8o,1
r9j,1
rapper,1
realise,1
recommend,1
red,1
regularly,1
relationship,1
remember,1
request,1
respecting,1
responsible,1
restart,1
rmb,1
rt1mz,1
rustspear,1
rv8tt,1
s13,1
s1p,1
s4h,1
s4y,1
s5f,1
s6c,1
s9s,1
sad,1
sadly,1
save,1
secularmarriagelaw,1
separate,1
serriajohn,1
sex,1
sexual,1
sharing,1
shuntianfu,1
si2h2l,1
siempre,1
sifxxfgsqn8sd0lt8i,1
signature,1
silly,1
singapore,1
sink,1
sir,1
sistdihqvqgnjeuhie,1
smv,1
snowdrift,1
spa,1
speaks,1
special,1
ssr,1
ssss,1
star,1
start,1
steal,1
stevens,1
stopped,1
story,1
strong,1
stupid,1
style,1
subject,1
suicide,1
sus,1
sv4tq,1
t2e,1
t3i,1
tag,1
talk,1
tan,1
tanzhu,1
targeted,1
taste,1
telegram,1
teller,1
tf5wt,1
themarriageofcanonlaw,1
thinking,1
tin,1
tinder,1
tips,1
title,1
tooyoung,1
totally,1
tour,1
tradition,1
traditional,1
tvbs,1
twitch,1
u4q,1
u7t,1
u8y,1
uastudent,1
ud3qk,1
una,1
understand,1
v2y,1
v3n,1
v6f,1
v6x,1
v7k,1
v7q,1
vc9xh7ru2l,1
vegetables,1
versa,1
vf6cv,1
vice,1
video,1
viewpoint,1
villes,1
viva,1
vj3pu8lg9e,1
vk4zm8wr8d,1
vpn,1
vtuber,1
vy3sm,1
w7u,1
wangjubgsh.com,1
warning,1
wei,1
weihaijianyu,1
wilderness,1
william,1
wn3jk,1
world,1
worthless,1
wtf,1
www,1
x1q,1
x7p,1
x8y,1
x9y,1
xd2ms,1
xdd,1
xddddd,1
xddddddd,1
xh1205,1
xng,1
xoxo,1
y4i,1
y5l,1
y7g6v,1
y8s,1
yang,1
yeah,1
yun,1
z6s,1
zfb,1
zhng,1
zk3wt,1
zm1qj4do2j,1
zr4ci,1
zsj,1
zzzz,1
一丁點,1
一下子,1
一不小心,1
一丘之貉,1
一乾二淨,1
一了百了,1
一勞永逸,1
一千塊,1
一口氣,1
一團糟,1
一堂課,1
一夕之間,1
一如既往,1
一定能,1
一家之主,1
一屁股债,1
一年中,1
一年半,1
一念之间,1
一手遮天,1
一无所知,1
一朝一夕,1
一朵花,1
一樣會,1
一步步,1
一死了之,1
一段路,1
一氣之下,1
一男一女,1
一番话,1
一百萬,1
一目了然,1
一窩風,1
一竅不通,1
一見鍾情,1
一言以蔽,1
一起來,1
一起来,1
一連串,1
一道菜,1
一问三不知,1
一陣子,1
一面倒,1
一頭撞死,1
一頭熱,1
一饱耳福,1
一點也不,1
一點兒,1
一點點,1
丁字褲,1
七仙女,1
七十二變,1
七年之痒,1
万把块,1
三不五時,1
三五成群,1
三从四德,1
三位一体,1
三分之一,1
三次元,1
三缺一,1
三言兩語,1
上辈子,1
上進心,1
下一步,1
下午茶,1
下半身,1
下定決心,1
下落不明,1
下雨天,1
不上不下,1
不久就,1
不亦乐乎,1
不仅是,1
不以为然,1
不以為然,1
不作為,1
不僅僅,1
不像话,1
不充分,1
不入流,1
不切實際,1
不及格,1
不可或缺,1
不可磨滅,1
不可逆,1
不可避免,1
不合格,1
不善於,1
不單是,1
不堪入目,1
不堪回首,1
不寒而栗,1
不尋常,1
不小心,1
不履行,1
不得已,1
不懷好意,1
不放过,1
不敗之地,1
不明事理,1
不景气,1
不曉得,1
不正當,1
不為瓦全,1
不由得,1
不痛不痒,1
不痛不癢,1
不相干,1
不着边际,1
不知好歹,1
不知所云,1
不等式,1
不管怎么,1
不約而同,1
不經一事,1
不约而同,1
不自覺,1
不自觉,1
不見得,1
不言而喻,1
不講道理,1
不论是,1
不負責任,1
不过尔尔,1
不进去,1
不远千里,1
不通人情,1
不長一智,1
不限于,1
不高不低,1
世世代代,1
东正教,1
两千块,1
两口子,1
两女一男,1
两害相权,1
两条路,1
中央社,1
中科院,1
中西部,1
中规中矩,1
为所欲为,1
主權國家,1
主題曲,1
举案齐眉,1
乃至于,1
之九十,1
乌合之众,1
乌托邦,1
乍看之下,1
九十九,1
九牛一毛,1
也许会,1
习以为常,1
乡巴佬,1
争取到,1
事实证明,1
二分法,1
二十四,1
二次元,1
二話不說,1
于事无补,1
于是乎,1
于是就,1
互不干涉,1
互動關係,1
五一劳动节,1
五分钟,1
五月份,1
五雷轰顶,1
交通安全,1
交际花,1
亲姐姐,1
人不為己,1
人人自危,1
人外有人,1
人家说,1
人山人海,1
人心隔肚皮,1
人性化,1
人情冷暖,1
人情味,1
人神共愤,1
人群中,1
人財兩失,1
人财两失,1
人财两空,1
从一而终,1
仔細看,1
他們倆,1
代名詞,1
以夷制夷,1
以毒攻毒,1
以為會,1
以至於,1
以貌取人,1
以身作則,1
伊拉克,1
伊斯兰,1
众所周知,1
众生相,1
传上来,1
传出去,1
传来传去,1
传统观念,1
伸張正義,1
似是而非,1
低姿态,1
体无完肤,1
体现出,1
何况是,1
何況是,1
作繭自縛,1
作贱自己,1
你死我活,1
來來回回,1
來得及,1
來路不明,1
例行公事,1
依附于,1
侵犯到,1
侵略者,1
便衣警察,1
俄罗斯,1
保不住,1
保养品,1
保险套,1
保險套,1
信誓旦旦,1
修正案,1
值得一提,1
假惺惺,1
假道學,1
偏远地区,1
做下去,1
做出來,1
做牛做馬,1
停不下来,1
健健康康,1
偶发事件,1
偷工減料,1
偷雞不著,1
傳宗接代,1
傷亡人數,1
傾向於,1
僧多粥少,1
優越感,1
充满了,1
先後順序,1
先決條件,1
免不了,1
內分泌,1
內心裡,1
全心全意,1
全身上下,1
全身而退,1
兩小時,1
兩性之間,1
兩情相悅,1
兩極分化,1
兩碼子,1
八月份,1
公序良俗,1
公權力,1
六千块,1
共和国,1
共產主義,1
关起来,1
其次是,1
养起来,1
再也不会,1
再回去,1
再好不過,1
冲上去,1
冷嘲熱諷,1
冷静下来,1
凱恩斯,1
出主意,1
出發點,1
出自於,1
分不清楚,1
分而治之,1
分道揚鑣,1
划清界限,1
判斷力,1
利潤率,1
到時候,1
到頭來,1
副作用,1
劃分為,1
劊子手,1
力不足,1
加班費,1
动脑子,1
助紂為虐,1
動動手,1
動手動腳,1
動物界,1
勞動力,1
十一岁,1
十一条,1
十万块,1
十九岁,1
十九歲,1
十八歲,1
十几岁,1
十幾塊,1
十惡不赦,1
千辛万苦,1
千里迢迢,1
半小時,1
半山腰,1
半斤八两,1
博古通今,1
博物館,1
占有欲,1
危在旦夕,1
卻不是,1
卻不會,1
卻沒能,1
压下来,1
压岁钱,1
原以为,1
原本是,1
反其道,1
反過來說,1
反革命,1
发自内心,1
受委屈,1
受寵若驚,1
变本加厉,1
古時候,1
另一回事,1
另一边,1
另一面,1
另眼相看,1
只不過是,1
只記得,1
可及的,1
可惜的是,1
可看性,1
台北市,1
司法部,1
司空見慣,1
吃不了,1
吃不到,1
吃不消,1
吃喝玩樂,1
各式各樣,1
合伙人,1
同溫層,1
同路人,1
吐出來,1
含金量,1
听不懂,1
听不进去,1
告別式,1
命中注定,1
咖啡廳,1
哀鴻遍野,1
哈哈大笑,1
哈雷彗星,1
哭出來,1
哭笑不得,1
唯物主义,1
唾手可得,1
啦啦隊,1
善男善女,1
喜新厌旧,1
喜聞樂見,1
嗤之以鼻,1
嘆為觀止,1
嘘寒问暖,1
嘻皮笑臉,1
噓寒問暖,1
嚇一跳,1
四亿人,1
四十万,1
四月份,1
回想起来,1
回答说,1
回頭是岸,1
因地制宜,1
因時制宜,1
因此而,1
因缘际会,1
团结一致,1
围绕着,1
團團轉,1
土木工程,1
地下水,1
地下鐵,1
坐车去,1
坦白说,1
垃圾堆,1
報名費,1
塌下来,1
塑膠袋,1
壓下來,1
壓下去,1
壓根兒,1
处得来,1
外星人,1
外省人,1
多半會,1
多數人,1
多樣性,1
多此一舉,1
夜總會,1
大不如前,1
大公無私,1
大喜過望,1
大大方方,1
大小便,1
大屠杀,1
大張旗鼓,1
大快人心,1
大拇指,1
大概有,1
大起大落,1
天壤之别,1
天外有天,1
天災人禍,1
天理不容,1
天理难容,1
天誅地滅,1
天鵝肉,1
太鲁阁,1
头期款,1
奇門遁甲,1
女主人,1
女强人,1
女權運動,1
奴颜婢膝,1
好了嗎,1
好莱坞,1
如胶似漆,1
妇人之仁,1
妥善處理,1
威逼利诱,1
婚姻介绍所,1
媒妁之言,1
嫡长子,1
孑然一身,1
字里行间,1
孝順父母,1
孟婆湯,1
守信用,1
安樂死,1
完完全全,1
完美無瑕,1
审美观念,1
客觀性,1
害人害己,1
害群之馬,1
家徒四壁,1
家財萬貫,1
寄托在,1
寄生虫,1
察覺到,1
寧為玉碎,1
寧缺勿濫,1
对不对,1
对得起,1
寻花问柳,1
將來會,1
尋短見,1
對得起,1
對症下藥,1
對號入座,1
導火索,1
小公主,1
小夥子,1
小姑娘,1
小有成就,1
小本本,1
小白鼠,1
小题大做,1
少说两句,1
尖酸刻薄,1
就事論事,1
尸位素餐,1
尼西亚,1
局限性,1
居然有,1
居酒屋,1
山海关,1
山珍海味,1
山盟海誓,1
山窮水盡,1
峰迴路轉,1
巧克力,1
布袋戲,1
希特勒,1
常聽到,1
平易近人,1
年以来,1
年纪轻轻,1
年轻气盛,1
年轻貌美,1
并非是,1
幽默感,1
幾乎是,1
幾分鐘,1
幾十個,1
幾千個,1
庙堂之上,1
廣東話,1
延伸到,1
延續到,1
弄虚作假,1
引入歧途,1
弱勢團體,1
弱水三千,1
張老師,1
归结为,1
归还给,1
当事者,1
当回事,1
当权者,1
形而上,1
往往会,1
往里面,1
待人接物,1
得不偿失,1
得不可开交,1
得寸进尺,1
從來沒,1
從天而降,1
循序漸進,1
微乎其微,1
徵信社,1
徹底的,1
心事重重,1
心灰意冷,1
心裡有數,1
必經之路,1
忍不住,1
忍氣吞聲,1
忍無可忍,1
志願者,1
忠實觀眾,1
忠贞不二,1
怎麼搞的,1
怕不怕,1
急功近利,1
性激素,1
怨不得,1
总书记,1
恍然大悟,1
恨不能,1
恰好是,1
恰如其分,1
恶臭味,1
恼羞成怒,1
情人節,1
惊天地,1
惊心动魄,1
惡性循環,1
惱羞成怒,1
想出去,1
想回去,1
想方設法,1
想看看,1
惹不起,1
惺惺相惜,1
愈來愈,1
愈演愈烈,1
意謂著,1
愚人節,1
愛屋及烏,1
感恩戴德,1
感覺到,1
愿者上钩,1
慢慢地,1
慧剑斩情丝,1
憐憫之心,1
憤憤不平,1
懵懵懂懂,1
成家立業,1
戰國時代,1
房地產,1
所做所為,1
手牵手,1
才會有,1
扑上来,1
打交道,1
打光棍,1
打手槍,1
打板子,1
打过来,1
打麻將,1
扯進去,1
找回來,1
承包商,1
把握住,1
抓起來,1
抗壓性,1
报喜不报忧,1
抱薪救火,1
抽身而退,1
拆開來,1
拉肚子,1
拋磚引玉,1
拍出來,1
拍案惊奇,1
拖拖拉拉,1
招待所,1
招架不住,1
拦不住,1
拿不到,1
拿定主意,1
指手画脚,1
指手畫腳,1
挑毛病,1
授人以柄,1
掉下來,1
掉下去,1
排行榜,1
接觸到,1
推心置腹,1
推来推去,1
推波助瀾,1
措手不及,1
提高警惕,1
搖起來,1
搖錢樹,1
搞什麼,1
搞出來,1
搞来搞去,1
搬出來,1
摸不著,1
撐下去,1
撐過來,1
擋箭牌,1
支支吾吾,1
收容所,1
收買人心,1
收費站,1
改一改,1
改不了,1
改过来,1
放不開,1
政府機關,1
救世主,1
散播谣言,1
数不清,1
敲竹杠,1
數學家,1
文化大革命,1
断手断脚,1
斯拉夫,1
新时代,1
新臺幣,1
斷章取義,1
无产阶级,1
无忧无虑,1
无所不能,1
无欲则刚,1
无疑是,1
无神论,1
无穷尽,1
无路可走,1
既往不咎,1
既成事实,1
既然如此,1
日内瓦,1
时隔多年,1
昂首阔步,1
明哲保身,1
明明白白,1
明正典刑,1
明目张胆,1
星期六,1
星期天,1
昧着良心,1
昨天夜里,1
時有所聞,1
時機成熟,1
普遍性,1
暗淡无光,1
暴發戶,1
曾經有,1
最上面,1
最新消息,1
最糟糕,1
最適合,1
會心一笑,1
有利於,1
有助於,1
有句話,1
有好有坏,1
有完没完,1
有所不同,1
有樣學樣,1
有權有勢,1
有色眼镜,1
有钱有闲,1
朝不保夕,1
未完成,1
未知數,1
未雨绸缪,1
杀人不见血,1
束之高閣,1
来不及,1
来自于,1
杯弓蛇影,1
東南亞,1
東山再起,1
東拉西扯,1
林覺民,1
林黛玉,1
查不到,1
柬埔寨,1
柴米油鹽,1
根深柢固,1
栽跟头,1
栽进去,1
概念的,1
榨汁機,1
標點符號,1
橫行霸道,1
欣欣向榮,1
欣欣向荣,1
欲蓋彌彰,1
正好是,1
正对着,1
正常化,1
正確性,1
此時此刻,1
此路不通,1
此风不可长,1
武则天,1
歪歪斜斜,1
歷險記,1
歸根到底,1
死不足惜,1
死亡率,1
死无对证,1
死者家屬,1
死路一条,1
毋庸置疑,1
母儀天下,1
毒蝎子,1
比得上,1
比方說,1
比起来,1
毛骨悚然,1
毫不掩饰,1
民进党,1
水泄不通,1
水洩不通,1
水電費,1
永远是,1
求之不得,1
江河日下,1
沉下去,1
沉溺在,1
沒出來,1
沒意思,1
沒良心,1
没事儿,1
没事找事,1
没好气,1
没拿到,1
波诡云谲,1
泣鬼神,1
泥石流,1
洗耳恭听,1
洗脑术,1
洗衣機,1
洛杉矶,1
活不了,1
流浪漢,1
流行歌曲,1
海底撈月,1
海枯石爛,1
消防员,1
淋漓盡致,1
深信不疑,1
深入人心,1
深得我心,1
深思熟慮,1
深深地,1
混不下去,1
清官难断,1
温哥华,1
源源不斷,1
溫和派,1
滿腦子,1
滿街跑,1
漠不關心,1
潑冷水,1
潛意識,1
潛移默化,1
火眼金睛,1
為他們,1
為何不,1
為何會,1
為國家,1
為所欲為,1
為甚麼,1
烂泥巴,1
烏克蘭,1
無中生有,1
無可奈何,1
無可救藥,1
無奇不有,1
無影無蹤,1
無恥之徒,1
無所不在,1
無時無刻,1
無止境,1
無濟於事,1
無神論,1
無能為力,1
無論如何,1
無非是,1
照價賠償,1
照理說,1
熬出頭,1
熱騰騰,1
爆米花,1
爭口氣,1
爭奪戰,1
片面之詞,1
片面性,1
物理學家,1
牵着鼻子走,1
牺牲掉,1
犧牲品,1
犯不著,1
狗咬狗,1
狗血淋头,1
獨一無二,1
獨當一面,1
獻殷勤,1
王侯将相,1
玩意儿,1
玩起來,1
现世报,1
现出原形,1
班门弄斧,1
現代史,1
環環相扣,1
甚至于,1
甜言蜜语,1
生儿育女,1
生殖器官,1
生物學,1
生產力,1
用心良苦,1
甩不开,1
甩不掉,1
由此可見,1
男人婆,1
男婚女嫁,1
留学生,1
留後路,1
異曲同工,1
當回事,1
當局者迷,1
當然會,1
病入膏肓,1
癩蛤蟆,1
發神經,1
發達國家,1
白马王子,1
百依百顺,1
百善孝為先,1
皮条客,1
盗亦有道,1
盜亦有道,1
盡全力,1
盡可能,1
監護人,1
目前為止,1
盲目的,1
直截了當,1
相提並論,1
省吃儉用,1
看下去,1
看不出來,1
看不透,1
看來看去,1
看得出來,1
看得起,1
看过来,1
真不愧是,1
真善美,1
真心真意,1
真情流露,1
真服了,1
真相大白,1
真让人,1
知名度,1
短時間,1
确有其事,1
确有此事,1
碍于情面,1
碎尸万段,1
碰碰车,1
社會新聞,1
社會福利,1
祖师爷,1
神愛世人,1
禁不住,1
禁不起,1
离不开,1
私房錢,1
私生子,1
私生活,1
秉持着,1
科學家,1
移情別戀,1
稳如泰山,1
穩定下來,1
穷小子,1
穷苦人家,1
空包彈,1
穿着打扮,1
站出來,1
竭盡全力,1
端午節,1
第三个,1
第二次,1
等同於,1
算起来,1
管不了,1
管吃管住,1
管理局,1
管理者,1
精心设计,1
精神科,1
紀念冊,1
約法三章,1
素昧平生,1
終究會,1
絕不能,1
絕大多數,1
絕對優勢,1
經年累月,1
總是會,1
繼承權,1
纯白色,1
终归是,1
经验老到,1
绳之以法,1
罗生门,1
罪證確鑿,1
罪魁祸首,1
羅馬帝國,1
羞恥心,1
羞愧难当,1
習以為常,1
習慣於,1
翻来覆去,1
老太太,1
老好人,1
老實說,1
老年人,1
老祖宗,1
老老實實,1
考完試,1
聊聊天,1
联想到,1
聯想到,1
聲淚俱下,1
肚子痛,1
肯不肯,1
肯定會,1
肾结石,1
胡說八道,1
臨死前,1
自作孽,1
自信心,1
自力更生,1
自尊心,1
自尋死路,1
自導自演,1
自暴自弃,1
自来水,1
自求多福,1
自發性,1
自相矛盾,1
自討苦吃,1
自閉症,1
自食其力,1
自食其果,1
芝麻小事,1
花前月下,1
花言巧语,1
芸芸眾生,1
若即若離,1
苦口婆心,1
苦海無邊,1
英文版,1
草草了事,1
荡然无存,1
莫須有,1
萎靡不振,1
萬不得已,1
蓄谋已久,1
蓋棺論定,1
蔓延到,1
藏起来,1
處心積慮,1
虛情假意,1
虛榮心,1
虧心事,1
虧空公款,1
融为一体,1
行雲流水,1
衝進去,1
被剝削,1
西元前,1
要注意,1
親密關係,1
親眼所見,1
親眼看到,1
親身經歷,1
觀察到,1
观世音,1
触目惊心,1
言下之意,1
言之有物,1
計劃生育,1
計程車,1
討價還價,1
設身處地,1
詐欺罪,1
說來說去,1
說實在的,1
說服力,1
說清楚,1
說說看,1
談不攏,1
諱莫如深,1
諾貝爾,1
謀殺案,1
謹言慎行,1
護身符,1
讨价还价,1
记不起来,1
说书人,1
说来说去,1
说话不算话,1
诺贝尔,1
课桌椅,1
谈不上,1
谈得来,1
谢天谢地,1
谣言满天飞,1
貌美如花,1
貪得無厭,1
資產階級,1
贪得无厌,1
贫贱夫妻,1
走上去,1
走下坡,1
走不了,1
走來走去,1
走投无路,1
走火入魔,1
走過來,1
起作用,1
越多越好,1
趾高气昂,1
跟上来,1
跳河自杀,1
跳河自殺,1
跳河自盡,1
踏腳石,1
身外之物,1
身敗名裂,1
軍國主義,1
轉來轉去,1
轟轟烈烈,1
转来转去,1
软弱无能,1
轰轰烈烈,1
输不起,1
辦公室,1
过不了,1
还真有,1
还真难,1
还算是,1
还能够,1
这一阵子,1
这会儿,1
这点儿,1
迥然不同,1
迫在眉睫,1
追不上,1
追根究底,1
追溯到,1
追究责任,1
退避三舍,1
适婚年龄,1
适当的,1
逃避现实,1
逆向行驶,1
逆来顺受,1
逍遙法外,1
逍遙自在,1
這一個,1
這口氣,1
這幾個,1
這方面,1
這樣會,1
這麼一來,1
逝者已矣,1
進化論,1
逼不得已,1
過兩天,1
過日子,1
達爾文,1
適可而止,1
遭受到,1
避不見面,1
避而不談,1
還不清楚,1
邋里邋遢,1
那几个,1
那辆车,1
邪門歪道,1
酸甜苦辣,1
重慶市,1
量力而行,1
金光黨,1
金日成,1
金牛座,1
金科玉律,1
銀河系,1
銀貨兩訖,1
鎂光燈,1
鑼鼓喧天,1
鑽牛角尖,1
钓上来,1
钢筋水泥,1
钻牛角尖,1
钻进去,1
销声匿迹,1
長久之計,1
長時間,1
長距離,1
长久以来,1
闭一只眼,1
防不勝防,1
除非是,1
除非有,1
陰陽怪氣,1
随波逐流,1
隨隨便便,1
难免会,1
雙手贊成,1
雙魚座,1
露出破绽,1
非正式,1
靠不住,1
面對面,1
順理成章,1
顯而易見,1
预料到,1
颠三倒四,1
風聲鶴唳,1
飞蛾扑火,1
食物中毒,1
食用油,1
飢腸轆轆,1
養兒防老,1
馬鈴薯,1
马马虎虎,1
骂起来,1
骗吃骗喝,1
骗来骗去,1
骗财骗色,1
體無完膚,1
體現出,1
體認到,1
高不可攀,1
高抬貴手,1
高攀不起,1
高談闊論,1
高谈阔论,1
高高在上,1
鮮明對比,1
鲜明对比,1
鳳毛麟角,1
鹹魚翻身,1
黃泉路,1
黃金歲月,1
黄泉路,1
黑黑的,1
齐齐哈尔,1
