"traditional_text","total_count"
"為什麼",254
"不知道",172
"受害者",118
"pua",116
"是不是",101
"女朋友",95
"大部分",81
"麥當勞",80
"真的是",79
"也沒有",68
"都沒有",68
"中國人",67
"而不是",66
"也不是",64
"沒什麼",63
"不可能",61
"可能是",59
"越來越",59
"在一起",57
"這件事",55
"男女平等",52
"不值得",46
"一個人",43
"不需要",43
"尤其是",42
"差不多",42
"高速公路",42
"有沒有",39
"也可以",38
"第一次",38
"也不會",37
"一部分",36
"主要是",35
"有些人",35
"不平等",34
"每個人",34
"這就是",34
"其實是",32
"女孩子",32
"全世界",31
"自助餐",31
"人民幣",30
"男朋友",30
"萬余元",30
"單方面",29
"我知道",29
"所謂的",29
"男孩子",29
"一定是",28
"也不能",28
"太好了",27
"一直在",26
"價值觀",26
"基本上",26
"都不是",26
"都可以",26
"到底是",25
"就不會",25
"應該是",25
"會不會",25
"肯定是",25
"不會有",24
"不管是",24
"就不是",24
"就應該",24
"成年人",24
"一輩子",23
"年輕人",23
"看起來",23
"重男輕女",23
"不存在",22
"理所當然",22
"能不能",22
"隻不過",22
"不正常",21
"不一定",20
"不至於",19
"世界上",19
"什麼時候",19
"家庭的",19
"不在乎",18
"多少錢",18
"天經地義",18
"沒想到",18
"任何人",17
"垃圾桶",17
"好像是",17
"我認為",17
"男尊女卑",17
"看不到",17
"之所以",16
"也就是",16
"最好的",16
"不公平",15
"說實話",15
"這句話",15
"並不是",14
"有道理",14
"生育率",14
"絕大部分",14
"進一步",14
"還不如",14
"陌生人",14
"atm",13
"動不動",13
"大多數",13
"從頭到尾",13
"想不開",13
"我看到",13
"有時候",13
"經歷過",13
"莫名其妙",13
"一大堆",12
"不喜歡",12
"不得不",12
"並沒有",12
"反過來",12
"可能性",12
"得不到",12
"怎麼說",12
"的確是",12
"解放軍",12
"還是要",12
"一方面",11
"三個月",11
"不平衡",11
"加拿大",11
"可能會",11
"吸血鬼",11
"奢侈品",11
"婚姻法",11
"幾十年",11
"找不到",11
"走出來",11
"隻要是",11
"一分錢",10
"不應該",10
"不然就",10
"共產黨",10
"卻沒有",10
"反而是",10
"各方面",10
"女主角",10
"如果有",10
"對不起",10
"從小就",10
"感受到",10
"我也不",10
"我還是",10
"或者是",10
"根深蒂固",10
"注意力",10
"然後就",10
"老百姓",10
"親密關系",10
"覺得很",10
"說真的",10
"都不會",10
"一天到晚",9
"一定會",9
"一廂情願",9
"不僅僅是",9
"不出來",9
"不合理",9
"事實上",9
"受不了",9
"大學生",9
"好不好",9
"實際上",9
"小伙子",9
"很喜歡",9
"心上人",9
"我不是",9
"當然是",9
"衛生紙",9
"買東西",9
"還可以",9
"都應該",9
"隻看到",9
"靠自己",9
"一件事",8
"一直都",8
"一般人",8
"下輩子",8
"不介意",8
"不健全",8
"交通事故",8
"佔便宜",8
"傳統觀念",8
"公安局",8
"刑事案件",8
"到底有",8
"咎由自取",8
"很簡單",8
"從來沒有",8
"心甘情願",8
"打電話",8
"最主要",8
"沒甚麼",8
"沒辦法",8
"沒關係",8
"無差別",8
"確實是",8
"老一輩",8
"還是會",8
"woman",7
"一句話",7
"一胎化",7
"不愧是",7
"不甘心",7
"主持人",7
"以為是",7
"匪夷所思",7
"十年前",7
"半斤八兩",7
"原來是",7
"同工同酬",7
"大自然",7
"小時候",7
"就算是",7
"干什麼",7
"幾乎是",7
"情有可原",7
"愛不愛",7
"感同身受",7
"搞清楚",7
"整件事",7
"既然是",7
"明明是",7
"未成年",7
"無所謂",7
"當事人",7
"看一下",7
"看不見",7
"聽起來",7
"說話不算數",7
"跳下去",7
"還真是",7
"隻為了",7
"隻要有",7
"隻需要",7
"girl",6
"一回事",6
"下一代",6
"不勞而獲",6
"不完全",6
"不必要",6
"不負責任",6
"不適合",6
"不隻是",6
"九個月",6
"也就是說",6
"人際關係",6
"什麼東西",6
"公信力",6
"受害人",6
"另一方面",6
"可不是",6
"同性戀",6
"回老家",6
"多半是",6
"夜總會",6
"導火索",6
"就不能",6
"層出不窮",6
"已經有",6
"巴勒斯坦",6
"幾萬塊",6
"很可能",6
"怎麼會",6
"才可以",6
"抓起來",6
"既得利益者",6
"有人說",6
"殊不知",6
"比比皆是",6
"民進黨",6
"看不下去",6
"看不出",6
"穆斯林",6
"聯誼會",6
"自私自利",6
"衛生棉",6
"說不定",6
"賠錢貨",6
"跳出來",6
"這幾天",6
"還不是",6
"那句話",6
"都不能",6
"開玩笑",6
"隻不過是",6
"money",5
"一團糟",5
"不健康",5
"不在意",5
"不好意思",5
"不擇手段",5
"不用說",5
"不要臉",5
"主要原因",5
"也會有",5
"以至於",5
"俄羅斯",5
"兄弟們",5
"到處都",5
"十分鐘",5
"十多年",5
"口耳相傳",5
"各取所需",5
"單單是",5
"大規模",5
"女尊男卑",5
"好不容易",5
"少數人",5
"幾十個",5
"幾百塊",5
"心安理得",5
"我不會",5
"或許是",5
"找工作",5
"旁觀者",5
"日本人",5
"每一個人",5
"沒意思",5
"沒關系",5
"涉世未深",5
"潛意識",5
"男主角",5
"看不起",5
"看清楚",5
"社交圈",5
"管不住",5
"腦子裡",5
"舍不得",5
"荷爾蒙",5
"要不然",5
"走下去",5
"這一點",5
"門當戶對",5
"隻剩下",5
"一丁點",4
"一模一樣",4
"一無所有",4
"一盤散沙",4
"一系列",4
"一群人",4
"一見鐘情",4
"一起去",4
"一頓飯",4
"不了了之",4
"不切實際",4
"不安定",4
"不知情",4
"不管怎樣",4
"不願意",4
"了不起",4
"予取予求",4
"事實證明",4
"信用卡",4
"做生意",4
"公權力",4
"再也不",4
"分不清",4
"劣根性",4
"十塊錢",4
"十幾塊",4
"十萬八千裡",4
"可不可以",4
"可以說是",4
"吃軟飯",4
"各付各的",4
"合情合理",4
"同情心",4
"名正言順",4
"大概是",4
"好多人",4
"好幾個",4
"家務事",4
"容不下",4
"實在是",4
"小學生",4
"小心翼翼",4
"小白臉",4
"居高臨下",4
"幾千塊",4
"強力膠",4
"彈盡援絕",4
"很遺憾",4
"從來不",4
"從此以後",4
"怎麼樣",4
"怪不得",4
"恨不得",4
"應該會",4
"懷璧其罪",4
"打籃球",4
"拿出來",4
"持久戰",4
"接觸到",4
"搞不好",4
"新生代",4
"新舊交替",4
"時不時",4
"最好是",4
"月黑風高",4
"有意思",4
"果然是",4
"注意到",4
"活下去",4
"活不下去",4
"無微不至",4
"無意義",4
"犯不著",4
"理智的",4
"理直氣壯",4
"盡可能",4
"相夫教子",4
"短時間",4
"社會風氣",4
"站起來",4
"系統的",4
"自古以來",4
"自怨自艾",4
"自然而然",4
"表面上",4
"被壓迫",4
"說出來",4
"說穿了",4
"諸如此類",4
"資本主義",4
"趨於穩定",4
"輸油管",4
"轉嫁到",4
"辛辛苦苦",4
"遇人不淑",4
"過得去",4
"遠距離",4
"遺留下來",4
"配不上",4
"重要性",4
"金玉良言",4
"青春期",4
"面對現實",4
"頂多是",4
"饑寒交迫",4
"lover",3
"一切都",3
"一對一",3
"一毛錢",3
"一瞬間",3
"三番兩次",3
"不下去",3
"不再是",3
"不出去",3
"不在少數",3
"不太好",3
"不太會",3
"不平等條約",3
"不忍心",3
"不成立",3
"不論是",3
"事故死",3
"人雲亦雲",3
"今天是",3
"似乎是",3
"低收入",3
"來不及",3
"依然是",3
"倒不是",3
"做什麼",3
"兩回事",3
"公共秩序",3
"制高點",3
"十多歲",3
"十幾個",3
"即使是",3
"原住民",3
"另一種",3
"另一邊",3
"可真是",3
"合理化",3
"同工不同酬",3
"吸引力",3
"唯物主義",3
"單身漢",3
"因果報應",3
"坐享其成",3
"坦白說",3
"多方面",3
"大可不必",3
"大富大貴",3
"大錯特錯",3
"女權主義",3
"好朋友",3
"妖魔鬼怪",3
"寄生蟲",3
"實事求是",3
"實際情況",3
"少之又少",3
"少子化",3
"工作室",3
"已達成",3
"年紀輕輕",3
"年齡層",3
"幾句話",3
"弄出來",3
"很可惜",3
"從來沒",3
"從小到大",3
"心目中",3
"怎麼回事",3
"性教育",3
"恐怕會",3
"想不到",3
"想不通",3
"愛情觀",3
"我愛你",3
"或多或少",3
"房地產",3
"手牽手",3
"才不會",3
"才會有",3
"把這兩",3
"拿回來",3
"接下來",3
"新加坡",3
"日久生情",3
"明眼人",3
"易如反掌",3
"曾經有",3
"有句話",3
"有心人士",3
"格式化",3
"條件下",3
"比起來",3
"沉迷於",3
"洗衣服",3
"消費者",3
"清官難斷",3
"為何不",3
"烏克蘭",3
"烏合之眾",3
"烏托邦",3
"烏魯木齊",3
"無欲則剛",3
"無止盡",3
"無疑是",3
"物欲橫流",3
"犯罪行為",3
"獨一無二",3
"甜甜蜜蜜",3
"甜言蜜語",3
"留不住",3
"白開水",3
"百分比",3
"監獄長",3
"目前為止",3
"省吃儉用",3
"看電影",3
"真實性",3
"研究生",3
"究竟是",3
"竟然是",3
"算不上",3
"節假日",3
"簡直是",3
"自知之明",3
"自立自強",3
"自行車",3
"舉例來說",3
"萬有引力",3
"落井下石",3
"視而不見",3
"言論自由",3
"說實在的",3
"說真話",3
"說說看",3
"說起來",3
"談不上",3
"謝謝你",3
"警察局",3
"趕時間",3
"跑出來",3
"退回去",3
"適婚年齡",3
"適當的",3
"避重就輕",3
"還算是",3
"那幾個",3
"那時候",3
"阿美族",3
"隻要能",3
"電動車",3
"青少年",3
"願不願意",3
"首先是",3
"高材生",3
"一個樣",2
"一把手",2
"一擲千金",2
"一會兒",2
"一毛不拔",2
"一而再",2
"一艘船",2
"一語驚醒",2
"一起來",2
"一面之詞",2
"一首歌",2
"丈母娘",2
"上世紀",2
"不一致",2
"不予置評",2
"不以為然",2
"不信任",2
"不值一提",2
"不光是",2
"不可思議",2
"不可抗力",2
"不可收拾",2
"不可理喻",2
"不在家",2
"不得好死",2
"不感興趣",2
"不折不扣",2
"不止是",2
"不正確",2
"不知廉恥",2
"不約而同",2
"不能自拔",2
"不自覺",2
"不見了",2
"世界中",2
"中國大陸",2
"久而久之",2
"也許是",2
"亂七八糟",2
"亂丟垃圾",2
"了解到",2
"五六十歲",2
"五十人",2
"五官端正",2
"享受到",2
"人情世故",2
"人民法院",2
"人財兩失",2
"仍然是",2
"他媽的",2
"仙人跳",2
"以偏概全",2
"以色列",2
"低成本",2
"何況是",2
"你來我往",2
"來龍去脈",2
"依舊是",2
"保險套",2
"偏執狂",2
"停留在",2
"健身房",2
"傳過來",2
"傻小子",2
"傾家蕩產",2
"僅僅是",2
"先入為主",2
"光怪陸離",2
"光明正大",2
"兔死狐悲",2
"兩件事",2
"兩句話",2
"出生率",2
"刑事犯罪",2
"副總裁",2
"劉德華",2
"功利主義",2
"十九歲",2
"反倒是",2
"反而會",2
"受壓迫",2
"受歡迎",2
"口誅筆伐",2
"可信度",2
"可笑的是",2
"吃不上",2
"合法化",2
"同樣是",2
"哥白尼",2
"善有善報",2
"喪心病狂",2
"噓寒問暖",2
"國內外",2
"塑造成",2
"壓下來",2
"多多少少",2
"多少個",2
"大事化小",2
"大千世界",2
"大多是",2
"大道理",2
"大驚小怪",2
"天花板",2
"好幾天",2
"如出一轍",2
"娛樂場所",2
"婚外情",2
"嫁出去",2
"嫁雞隨雞",2
"守規矩",2
"安息吧",2
"完蛋了",2
"害人不淺",2
"寥寥無幾",2
"實質上",2
"對得起",2
"小孩子",2
"小小的",2
"小朋友",2
"尤其在",2
"居然是",2
"屢見不鮮",2
"工程師",2
"市場上",2
"幼稚園",2
"徇私枉法",2
"很大程度上",2
"心地善良",2
"心理學",2
"心生不滿",2
"心知肚明",2
"必需品",2
"志同道合",2
"忙忙碌碌",2
"怎麼辦",2
"恐怕是",2
"恰恰相反",2
"惡有惡報",2
"惦記著",2
"惱羞成怒",2
"想像力",2
"意味著",2
"愛因斯坦",2
"感情用事",2
"感興趣",2
"我也沒",2
"我還沒",2
"我願意",2
"所有權",2
"才算是",2
"打不開",2
"打官司",2
"打抱不平",2
"扣帽子",2
"抱不平",2
"拼了命",2
"指手畫腳",2
"捕風捉影",2
"捨不得",2
"換句話說",2
"放不下",2
"放進去",2
"敢不敢",2
"斤斤計較",2
"新一代",2
"新台幣",2
"暴脾氣",2
"暴露出",2
"更願意",2
"最厲害",2
"最好能",2
"有一套",2
"有意義",2
"有目共睹",2
"有錢人",2
"服兵役",2
"本來是",2
"本末倒置",2
"李自成",2
"欣欣向榮",2
"正義感",2
"每一個",2
"比不上",2
"比如說",2
"民主政治",2
"沒找到",2
"沒道理",2
"洋洋得意",2
"活生生",2
"派出所",2
"消失掉",2
"涉世不深",2
"添油加醋",2
"渥太華",2
"演變成",2
"灰姑娘",2
"為所欲為",2
"烏煙瘴氣",2
"無妄之災",2
"無巧不成書",2
"無期徒刑",2
"無神論",2
"無聲無息",2
"煤氣燈",2
"父母親",2
"牛鬼蛇神",2
"物以類聚",2
"物極必反",2
"狐狸精",2
"玉石俱焚",2
"現階段",2
"甘之如飴",2
"生搬硬套",2
"男男女女",2
"當回事",2
"白吃白喝",2
"百分之百",2
"盜亦有道",2
"看上去",2
"看不慣",2
"看得出",2
"睡來睡去",2
"瞧不起",2
"矯枉過正",2
"研究所",2
"社會學",2
"神經病",2
"笑死人",2
"第三者",2
"第二個",2
"算進去",2
"簡單說",2
"終究是",2
"絆腳石",2
"結論是",2
"絕口不提",2
"總而言之",2
"美其名曰",2
"習以為常",2
"翻天覆地",2
"翻白眼",2
"老人家",2
"老古董",2
"而不能",2
"聯想到",2
"肺腑之言",2
"背地裡",2
"自以為是",2
"自作多情",2
"自欺欺人",2
"至少有",2
"至死不渝",2
"致命傷",2
"花枝招展",2
"萬念俱灰",2
"萬無一失",2
"補償金",2
"見怪不怪",2
"親朋好友",2
"討價還價",2
"說不出",2
"說來說去",2
"諾貝爾",2
"負責人",2
"貨真價實",2
"貪得無厭",2
"貫徹始終",2
"贖罪券",2
"赤裸裸",2
"趕鴨子上架",2
"跳樓自殺",2
"跳河自殺",2
"蹦出來",2
"身分證",2
"輕而易舉",2
"輕鬆自在",2
"轉來轉去",2
"轉嫁給",2
"轟轟烈烈",2
"退一步",2
"退休金",2
"造謠生事",2
"過不去",2
"過生日",2
"道貌岸然",2
"遙遙領先",2
"遮遮掩掩",2
"還沒有",2
"還願意",2
"那件事",2
"都還沒",2
"醍醐灌頂",2
"錦上添花",2
"鑽牛角尖",2
"長幼有序",2
"長篇大論",2
"關鍵字",2
"除此之外",2
"雞皮疙瘩",2
"雪中送炭",2
"電視劇",2
"青梅竹馬",2
"青紅皂白",2
"養不起",2
"骨子裡",2
"體無完膚",2
"體現出",2
"高中生",2
"高談闊論",2
"鬧起來",2
"鮮明對比",2
"黃泉路",2
"點到為止",2
"一下子",1
"一不小心",1
"一丘之貉",1
"一乾二淨",1
"一了百了",1
"一勞永逸",1
"一千塊",1
"一口氣",1
"一問三不知",1
"一堂課",1
"一夕之間",1
"一如既往",1
"一定能",1
"一家之主",1
"一屁股債",1
"一年中",1
"一年半",1
"一念之間",1
"一手遮天",1
"一朝一夕",1
"一朵花",1
"一樣會",1
"一步步",1
"一死了之",1
"一段路",1
"一氣之下",1
"一無所知",1
"一男一女",1
"一番話",1
"一百萬",1
"一目了然",1
"一窩風",1
"一竅不通",1
"一見鍾情",1
"一言以蔽",1
"一連串",1
"一道菜",1
"一陣子",1
"一面倒",1
"一頭撞死",1
"一頭熱",1
"一飽耳福",1
"一點也不",1
"一點兒",1
"一點點",1
"丁字褲",1
"七仙女",1
"七十二變",1
"七年之痒",1
"三不五時",1
"三五成群",1
"三位一體",1
"三分之一",1
"三從四德",1
"三次元",1
"三缺一",1
"三言兩語",1
"上輩子",1
"上進心",1
"下一步",1
"下午茶",1
"下半身",1
"下定決心",1
"下落不明",1
"下雨天",1
"不上不下",1
"不久就",1
"不亦樂乎",1
"不作為",1
"不僅僅",1
"不僅是",1
"不像話",1
"不充分",1
"不入流",1
"不及格",1
"不可或缺",1
"不可磨滅",1
"不可逆",1
"不可避免",1
"不合格",1
"不善於",1
"不單是",1
"不堪入目",1
"不堪回首",1
"不寒而栗",1
"不尋常",1
"不小心",1
"不履行",1
"不得已",1
"不懷好意",1
"不放過",1
"不敗之地",1
"不明事理",1
"不景氣",1
"不曉得",1
"不正當",1
"不為瓦全",1
"不由得",1
"不痛不痒",1
"不痛不癢",1
"不相干",1
"不知好歹",1
"不知所雲",1
"不等式",1
"不管怎麼",1
"不經一事",1
"不著邊際",1
"不見得",1
"不言而喻",1
"不講道理",1
"不通人情",1
"不進去",1
"不過爾爾",1
"不遠千裡",1
"不長一智",1
"不限於",1
"不高不低",1
"世世代代",1
"並非是",1
"中央社",1
"中科院",1
"中西部",1
"中規中矩",1
"主權國家",1
"主題曲",1
"乃至於",1
"之九十",1
"乍看之下",1
"九十九",1
"九牛一毛",1
"也許會",1
"事實証明",1
"二分法",1
"二十四",1
"二次元",1
"二話不說",1
"互不干涉",1
"互動關係",1
"五一勞動節",1
"五分鐘",1
"五月份",1
"五雷轟頂",1
"交通安全",1
"交際花",1
"人不為己",1
"人人自危",1
"人外有人",1
"人家說",1
"人山人海",1
"人心隔肚皮",1
"人性化",1
"人情冷暖",1
"人情味",1
"人神共憤",1
"人群中",1
"人財兩空",1
"仔細看",1
"他們倆",1
"代名詞",1
"以夷制夷",1
"以毒攻毒",1
"以為會",1
"以貌取人",1
"以身作則",1
"伊拉克",1
"伊斯蘭",1
"伸張正義",1
"似是而非",1
"低姿態",1
"佔有欲",1
"作繭自縛",1
"作賤自己",1
"你死我活",1
"來來回回",1
"來得及",1
"來自於",1
"來路不明",1
"例行公事",1
"依附於",1
"侵犯到",1
"侵略者",1
"便衣警察",1
"保不住",1
"保養品",1
"信誓旦旦",1
"修正案",1
"值得一提",1
"假惺惺",1
"假道學",1
"偏遠地區",1
"做下去",1
"做出來",1
"做牛做馬",1
"停不下來",1
"健健康康",1
"偶發事件",1
"偷工減料",1
"偷雞不著",1
"傳上來",1
"傳來傳去",1
"傳出去",1
"傳宗接代",1
"傷亡人數",1
"傾向於",1
"僧多粥少",1
"優越感",1
"充滿了",1
"先後順序",1
"先決條件",1
"免不了",1
"內分泌",1
"內心裡",1
"全心全意",1
"全身上下",1
"全身而退",1
"兩千塊",1
"兩口子",1
"兩女一男",1
"兩害相權",1
"兩小時",1
"兩性之間",1
"兩情相悅",1
"兩條路",1
"兩極分化",1
"兩碼子",1
"八月份",1
"公序良俗",1
"六千塊",1
"共和國",1
"共產主義",1
"其次是",1
"再也不會",1
"再回去",1
"再好不過",1
"冷嘲熱諷",1
"冷靜下來",1
"凱恩斯",1
"出主意",1
"出發點",1
"出自於",1
"分不清楚",1
"分而治之",1
"分道揚鑣",1
"判斷力",1
"利潤率",1
"到時候",1
"到頭來",1
"副作用",1
"劃分為",1
"劃清界限",1
"劊子手",1
"力不足",1
"加班費",1
"助紂為虐",1
"動動手",1
"動手動腳",1
"動物界",1
"動腦子",1
"勞動力",1
"十一條",1
"十一歲",1
"十八歲",1
"十幾歲",1
"十惡不赦",1
"十萬塊",1
"千裡迢迢",1
"千辛萬苦",1
"半小時",1
"半山腰",1
"博古通今",1
"博物館",1
"危在旦夕",1
"卻不是",1
"卻不會",1
"卻沒能",1
"原以為",1
"原本是",1
"反其道",1
"反過來說",1
"反革命",1
"受委屈",1
"受寵若驚",1
"古時候",1
"另一回事",1
"另一面",1
"另眼相看",1
"可及的",1
"可惜的是",1
"可看性",1
"台北市",1
"司法部",1
"司空見慣",1
"吃不了",1
"吃不到",1
"吃不消",1
"吃喝玩樂",1
"各式各樣",1
"合伙人",1
"同溫層",1
"同路人",1
"吐出來",1
"含金量",1
"告別式",1
"命中注定",1
"咖啡廳",1
"哀鴻遍野",1
"哈哈大笑",1
"哈雷彗星",1
"哭出來",1
"哭笑不得",1
"唾手可得",1
"啦啦隊",1
"善男善女",1
"喜新厭舊",1
"喜聞樂見",1
"嗤之以鼻",1
"嘆為觀止",1
"嘻皮笑臉",1
"嚇一跳",1
"四億人",1
"四十萬",1
"四月份",1
"回想起來",1
"回答說",1
"回頭是岸",1
"因地制宜",1
"因時制宜",1
"因此而",1
"因緣際會",1
"圍繞著",1
"團團轉",1
"團結一致",1
"土木工程",1
"地下水",1
"地下鐵",1
"坐車去",1
"垃圾堆",1
"報名費",1
"報喜不報憂",1
"塌下來",1
"塑膠袋",1
"壓下去",1
"壓根兒",1
"壓歲錢",1
"外星人",1
"外省人",1
"多半會",1
"多數人",1
"多樣性",1
"多此一舉",1
"大不如前",1
"大公無私",1
"大喜過望",1
"大大方方",1
"大小便",1
"大屠殺",1
"大張旗鼓",1
"大快人心",1
"大拇指",1
"大概有",1
"大起大落",1
"天壤之別",1
"天外有天",1
"天災人禍",1
"天理不容",1
"天理難容",1
"天誅地滅",1
"天鵝肉",1
"太魯閣",1
"奇門遁甲",1
"女主人",1
"女強人",1
"女權運動",1
"奴顏婢膝",1
"好了嗎",1
"好萊塢",1
"如膠似漆",1
"妥善處理",1
"威逼利誘",1
"婚姻介紹所",1
"婦人之仁",1
"媒妁之言",1
"嫡長子",1
"孑然一身",1
"字裡行間",1
"孝順父母",1
"孟婆湯",1
"守信用",1
"安樂死",1
"完完全全",1
"完美無瑕",1
"客觀性",1
"害人害己",1
"害群之馬",1
"家徒四壁",1
"家財萬貫",1
"寄托在",1
"寄生虫",1
"察覺到",1
"寧為玉碎",1
"寧缺勿濫",1
"審美觀念",1
"將來會",1
"尋短見",1
"尋花問柳",1
"對不對",1
"對症下藥",1
"對號入座",1
"小公主",1
"小夥子",1
"小姑娘",1
"小有成就",1
"小本本",1
"小白鼠",1
"小題大做",1
"少說兩句",1
"尖酸刻薄",1
"就事論事",1
"尸位素餐",1
"尼西亞",1
"局限性",1
"居然有",1
"居酒屋",1
"山海關",1
"山珍海味",1
"山盟海誓",1
"山窮水盡",1
"峰迴路轉",1
"巧克力",1
"布袋戲",1
"希特勒",1
"常聽到",1
"平易近人",1
"年以來",1
"年輕氣盛",1
"年輕貌美",1
"幽默感",1
"幾分鐘",1
"幾千個",1
"廟堂之上",1
"廣東話",1
"延伸到",1
"延續到",1
"弄虛作假",1
"引入歧途",1
"弱勢團體",1
"弱水三千",1
"張老師",1
"形而上",1
"往往會",1
"往裡面",1
"待人接物",1
"得不償失",1
"得不可開交",1
"得寸進尺",1
"從一而終",1
"從天而降",1
"循序漸進",1
"微乎其微",1
"徵信社",1
"徹底的",1
"心事重重",1
"心灰意冷",1
"心裡有數",1
"必經之路",1
"忍不住",1
"忍氣吞聲",1
"忍無可忍",1
"志願者",1
"忠實觀眾",1
"忠貞不二",1
"怎麼搞的",1
"怕不怕",1
"急功近利",1
"性激素",1
"怨不得",1
"恍然大悟",1
"恨不能",1
"恰好是",1
"恰如其分",1
"情人節",1
"惡性循環",1
"惡臭味",1
"想出去",1
"想回去",1
"想方設法",1
"想看看",1
"惹不起",1
"惺惺相惜",1
"愈來愈",1
"愈演愈烈",1
"意謂著",1
"愚人節",1
"愛屋及烏",1
"感恩戴德",1
"感覺到",1
"慢慢地",1
"慧劍斬情絲",1
"憐憫之心",1
"憤憤不平",1
"懵懵懂懂",1
"成家立業",1
"戰國時代",1
"所做所為",1
"扑上來",1
"打交道",1
"打光棍",1
"打手槍",1
"打板子",1
"打過來",1
"打麻將",1
"扯進去",1
"找回來",1
"承包商",1
"把握住",1
"抗壓性",1
"抱薪救火",1
"抽身而退",1
"拆開來",1
"拉肚子",1
"拋磚引玉",1
"拍出來",1
"拍案驚奇",1
"拖拖拉拉",1
"招待所",1
"招架不住",1
"拿不到",1
"拿定主意",1
"挑毛病",1
"授人以柄",1
"掉下來",1
"掉下去",1
"排行榜",1
"推來推去",1
"推心置腹",1
"推波助瀾",1
"措手不及",1
"提高警惕",1
"搖起來",1
"搖錢樹",1
"搞什麼",1
"搞來搞去",1
"搞出來",1
"搬出來",1
"摸不著",1
"撐下去",1
"撐過來",1
"擋箭牌",1
"攔不住",1
"支支吾吾",1
"收容所",1
"收買人心",1
"收費站",1
"改一改",1
"改不了",1
"改過來",1
"放不開",1
"政府機關",1
"救世主",1
"散播謠言",1
"敲竹杠",1
"數不清",1
"數學家",1
"文化大革命",1
"斯拉夫",1
"新時代",1
"新臺幣",1
"斷手斷腳",1
"斷章取義",1
"於事無補",1
"於是乎",1
"於是就",1
"既往不咎",1
"既成事實",1
"既然如此",1
"日內瓦",1
"昂首闊步",1
"明哲保身",1
"明明白白",1
"明正典刑",1
"明目張膽",1
"星期六",1
"星期天",1
"昧著良心",1
"昨天夜裡",1
"時有所聞",1
"時機成熟",1
"時隔多年",1
"普遍性",1
"暗淡無光",1
"暴發戶",1
"最上面",1
"最新消息",1
"最糟糕",1
"最適合",1
"會心一笑",1
"有利於",1
"有助於",1
"有好有壞",1
"有完沒完",1
"有所不同",1
"有樣學樣",1
"有權有勢",1
"有色眼鏡",1
"有錢有閑",1
"朝不保夕",1
"未完成",1
"未知數",1
"未雨綢繆",1
"束之高閣",1
"杯弓蛇影",1
"東南亞",1
"東山再起",1
"東拉西扯",1
"東正教",1
"林覺民",1
"林黛玉",1
"查不到",1
"柬埔寨",1
"柴米油鹽",1
"根深柢固",1
"栽跟頭",1
"栽進去",1
"概念的",1
"榨汁機",1
"標點符號",1
"橫行霸道",1
"欲蓋彌彰",1
"正好是",1
"正對著",1
"正常化",1
"正確性",1
"此時此刻",1
"此路不通",1
"此風不可長",1
"武則天",1
"歪歪斜斜",1
"歷險記",1
"歸根到底",1
"歸結為",1
"歸還給",1
"死不足惜",1
"死亡率",1
"死無對証",1
"死者家屬",1
"死路一條",1
"殺人不見血",1
"毋庸置疑",1
"母儀天下",1
"毒蠍子",1
"比得上",1
"比方說",1
"毛骨悚然",1
"毫不掩飾",1
"水泄不通",1
"水洩不通",1
"水電費",1
"永遠是",1
"求之不得",1
"江河日下",1
"沉下去",1
"沉溺在",1
"沒事兒",1
"沒事找事",1
"沒出來",1
"沒好氣",1
"沒拿到",1
"沒良心",1
"沖上去",1
"波詭雲譎",1
"泣鬼神",1
"泥石流",1
"洗耳恭聽",1
"洗腦術",1
"洗衣機",1
"洛杉磯",1
"活不了",1
"流浪漢",1
"流行歌曲",1
"海底撈月",1
"海枯石爛",1
"消防員",1
"淋漓盡致",1
"深信不疑",1
"深入人心",1
"深得我心",1
"深思熟慮",1
"深深地",1
"混不下去",1
"源源不斷",1
"溫和派",1
"溫哥華",1
"滿腦子",1
"滿街跑",1
"漠不關心",1
"潑冷水",1
"潛移默化",1
"火眼金睛",1
"為他們",1
"為何會",1
"為國家",1
"為甚麼",1
"無中生有",1
"無可奈何",1
"無可救藥",1
"無奇不有",1
"無影無蹤",1
"無恥之徒",1
"無憂無慮",1
"無所不在",1
"無所不能",1
"無時無刻",1
"無止境",1
"無濟於事",1
"無產階級",1
"無窮盡",1
"無能為力",1
"無論如何",1
"無路可走",1
"無非是",1
"照價賠償",1
"照理說",1
"熬出頭",1
"熱騰騰",1
"爆米花",1
"爛泥巴",1
"爭取到",1
"爭口氣",1
"爭奪戰",1
"片面之詞",1
"片面性",1
"物理學家",1
"牽著鼻子走",1
"犧牲品",1
"犧牲掉",1
"狗咬狗",1
"狗血淋頭",1
"獨當一面",1
"獻殷勤",1
"王侯將相",1
"玩意兒",1
"玩起來",1
"班門弄斧",1
"現世報",1
"現代史",1
"現出原形",1
"環環相扣",1
"甚至於",1
"生兒育女",1
"生殖器官",1
"生物學",1
"生產力",1
"用心良苦",1
"甩不掉",1
"甩不開",1
"由此可見",1
"男人婆",1
"男婚女嫁",1
"留學生",1
"留後路",1
"異曲同工",1
"當事者",1
"當局者迷",1
"當權者",1
"當然會",1
"病入膏肓",1
"癩蛤蟆",1
"發神經",1
"發自內心",1
"發達國家",1
"白馬王子",1
"百依百順",1
"百善孝為先",1
"皮條客",1
"盡全力",1
"監護人",1
"盲目的",1
"直截了當",1
"相提並論",1
"看下去",1
"看不出來",1
"看不透",1
"看來看去",1
"看得出來",1
"看得起",1
"看過來",1
"真不愧是",1
"真善美",1
"真心真意",1
"真情流露",1
"真服了",1
"真相大白",1
"真讓人",1
"眾所周知",1
"眾生相",1
"知名度",1
"碎尸萬段",1
"碰碰車",1
"確有其事",1
"確有此事",1
"礙於情面",1
"社會新聞",1
"社會福利",1
"祖師爺",1
"神愛世人",1
"禁不住",1
"禁不起",1
"私房錢",1
"私生子",1
"私生活",1
"秉持著",1
"科學家",1
"移情別戀",1
"穩如泰山",1
"穩定下來",1
"空包彈",1
"穿著打扮",1
"窮小子",1
"窮苦人家",1
"站出來",1
"竭盡全力",1
"端午節",1
"第三個",1
"第二次",1
"等同於",1
"算起來",1
"管不了",1
"管吃管住",1
"管理局",1
"管理者",1
"精心設計",1
"精神科",1
"紀念冊",1
"約法三章",1
"純白色",1
"素昧平生",1
"終歸是",1
"終究會",1
"絕不能",1
"絕大多數",1
"絕對優勢",1
"經年累月",1
"經驗老到",1
"總是會",1
"總書記",1
"繩之以法",1
"繼承權",1
"罪證確鑿",1
"罪魁禍首",1
"罵起來",1
"羅生門",1
"羅馬帝國",1
"羞恥心",1
"羞愧難當",1
"習慣於",1
"翻來覆去",1
"老太太",1
"老好人",1
"老實說",1
"老年人",1
"老祖宗",1
"老老實實",1
"考完試",1
"聊聊天",1
"聲淚俱下",1
"聽不懂",1
"聽不進去",1
"肚子痛",1
"肯不肯",1
"肯定會",1
"胡說八道",1
"腎結石",1
"臨死前",1
"自作孽",1
"自來水",1
"自信心",1
"自力更生",1
"自尊心",1
"自尋死路",1
"自導自演",1
"自暴自棄",1
"自求多福",1
"自發性",1
"自相矛盾",1
"自討苦吃",1
"自閉症",1
"自食其力",1
"自食其果",1
"舉案齊眉",1
"芝麻小事",1
"花前月下",1
"花言巧語",1
"芸芸眾生",1
"若即若離",1
"苦口婆心",1
"苦海無邊",1
"英文版",1
"草草了事",1
"莫須有",1
"萎靡不振",1
"萬不得已",1
"萬把塊",1
"蓄謀已久",1
"蓋棺論定",1
"蔓延到",1
"蕩然無存",1
"藏起來",1
"處得來",1
"處心積慮",1
"虛情假意",1
"虛榮心",1
"虧心事",1
"虧空公款",1
"融為一體",1
"行雲流水",1
"衝進去",1
"被剝削",1
"西元前",1
"要注意",1
"親姐姐",1
"親密關係",1
"親眼所見",1
"親眼看到",1
"親身經歷",1
"觀世音",1
"觀察到",1
"觸目驚心",1
"言下之意",1
"言之有物",1
"計劃生育",1
"計程車",1
"記不起來",1
"設身處地",1
"詐欺罪",1
"說書人",1
"說服力",1
"說清楚",1
"說話不算話",1
"課桌椅",1
"談不攏",1
"談得來",1
"諱莫如深",1
"謀殺案",1
"謝天謝地",1
"謠言滿天飛",1
"謹言慎行",1
"護身符",1
"變本加厲",1
"貌美如花",1
"貧賤夫妻",1
"資產階級",1
"走上去",1
"走下坡",1
"走不了",1
"走來走去",1
"走投無路",1
"走火入魔",1
"走過來",1
"起作用",1
"越多越好",1
"趾高氣昂",1
"跟上來",1
"跳河自盡",1
"踏腳石",1
"身外之物",1
"身敗名裂",1
"軍國主義",1
"軟弱無能",1
"輸不起",1
"辦公室",1
"迥然不同",1
"迫在眉睫",1
"追不上",1
"追根究底",1
"追溯到",1
"追究責任",1
"退避三舍",1
"逃避現實",1
"逆來順受",1
"逆向行駛",1
"逍遙法外",1
"逍遙自在",1
"這一個",1
"這一陣子",1
"這口氣",1
"這幾個",1
"這方面",1
"這會兒",1
"這樣會",1
"這麼一來",1
"這點兒",1
"逝者已矣",1
"進化論",1
"逼不得已",1
"過不了",1
"過兩天",1
"過日子",1
"達爾文",1
"適可而止",1
"遭受到",1
"避不見面",1
"避而不談",1
"還不清楚",1
"還真有",1
"還真難",1
"還能夠",1
"邋裡邋遢",1
"那輛車",1
"邪門歪道",1
"鄉巴佬",1
"酸甜苦辣",1
"重慶市",1
"量力而行",1
"金光黨",1
"金日成",1
"金牛座",1
"金科玉律",1
"釣上來",1
"銀河系",1
"銀貨兩訖",1
"銷聲匿跡",1
"鋼筋水泥",1
"鎂光燈",1
"鑼鼓喧天",1
"鑽進去",1
"長久之計",1
"長久以來",1
"長時間",1
"長距離",1
"閉一隻眼",1
"關起來",1
"防不勝防",1
"除非是",1
"除非有",1
"陰陽怪氣",1
"隨波逐流",1
"隨隨便便",1
"隻記得",1
"雙手贊成",1
"雙魚座",1
"離不開",1
"難免會",1
"露出破綻",1
"非正式",1
"靠不住",1
"面對面",1
"順理成章",1
"預料到",1
"頭期款",1
"願者上鉤",1
"顛三倒四",1
"顯而易見",1
"風聲鶴唳",1
"飛蛾扑火",1
"食物中毒",1
"食用油",1
"飢腸轆轆",1
"養兒防老",1
"養起來",1
"馬鈴薯",1
"馬馬虎虎",1
"騙來騙去",1
"騙吃騙喝",1
"騙財騙色",1
"驚天地",1
"驚心動魄",1
"體認到",1
"高不可攀",1
"高抬貴手",1
"高攀不起",1
"高高在上",1
"鳳毛麟角",1
"鹹魚翻身",1
"黃金歲月",1
"黑黑的",1
"齊齊哈爾",1
